id,code,name,material_type_ATUAL,category_ATUAL,subcategory_ATUAL,purchase_unit,usage_unit,conversion_factor,status,material_type_NOVO,category_NOVO,subcategory_NOVO,OBSERVACOES
97f12c78-01cf-40db-901c-a7689c6c2b3a,INS0021,Iogurte grego,ingredient,Insumo,laticinios,kg,g,1000,,Insumo,Alimentos & Ingredientes,Laticínios,
944705c8-88e6-4a03-ba50-6f405a82f4bc,INS0104,Pimenta biquinho,ingredient,Insumo,conservas_enlatados,kg,g,1000,,Insumo,Alimentos & Ingredientes,Conservas & Enlatados,
f14ec31a-39f7-4889-8f52-c1443cc41584,INS0091,Café Especial Moído ,ingredient,Insumo,bebidas_liquidos,pacote,g,250,,Insumo,Alimentos & Ingredientes,Líquidos & Bebidas Base,
5314671d-448d-4147-8445-96084a3d1c4e,PAC0002,Sanduíche Artesano de Salame Italiano,ingredient,Produto Acabado,"Salgados (sanduíches, tortinhas, quiches)",unidade,unidade,1,,Insumo,Produtos Prontos,Salgados,
cb6b725e-f0e8-4dce-acf4-ac6e5366ce4c,PAC0003,Massa de chocolate para tortas ,ingredient,Produto Intermediário,Massas & Bases,unidade,unidade,1,,Insumo,Produtos Intermediários,Massas & Bases,
5ad03c03-047c-451a-a763-df825de00569,INS0131,Caldo de Galinha,ingredient,Insumo,Condimentos & Temperos,unidade,g,10,,Insumo,Alimentos & Ingredientes,Condimentos & Temperos,
241c5d18-5b88-4bce-a5cc-fab7fef074fd,INT0005,Massa Para Bolo De Limão ,intermediate_product,Produto Intermediário,Massas & Bases,g,g,1,,Produto Intermediário,Produtos Intermediários,Massas & Bases,
c07e5204-588e-4829-8f84-338c3441c5ee,INS0123,Açúcar de Confeiteiro,ingredient,Insumo,Açúcares & Adoçantes,kg,g,1000,,Insumo,Alimentos & Ingredientes,Açúcares & Adoçantes,
407e2c0e-ffbf-458a-bcaa-8d2295da4320,FIN0002,Cupcake Red Velvet,finished_product,Produto Acabado,"Doces (bolos, tortas, confeitaria)",un,un,1,,Produto Acabado,Produtos Prontos,Doces & Confeitaria,
18370e4e-2909-44ed-964a-8edc4f355e3e,INS0124,Pão de Queijo Premium - PCT 2KG (20G.UN),ingredient,Produto Acabado,,PCT,un,99,,Insumo,Produtos Prontos,,
1c65cfda-5fc6-423c-8102-a9bf4f95132f,INT0013,Brigadeiro branco,intermediate_product,Produto Intermediário,Recheios & Coberturas,g,g,1,,Produto Intermediário,Produtos Intermediários,Recheios & Coberturas,
ed0da687-d0eb-4f0b-be63-42345d63d275,INS0073,Tábua de queijos,ingredient,Insumo,laticinios,unidade,g,1,,Insumo,Alimentos & Ingredientes,Laticínios,
9dbbc9eb-829d-4b40-8bc1-f943f67f27e3,INT0006,Recheio Mousse de Limão,intermediate_product,Produto Intermediário,Recheios & Coberturas,g,g,1,,Produto Intermediário,Produtos Intermediários,Recheios & Coberturas,
0f1beb40-9818-4394-9bb5-8249342b5930,INT0007,Glacê Real,intermediate_product,Produto Intermediário,Recheios & Coberturas,g,g,1,,Produto Intermediário,Produtos Intermediários,Recheios & Coberturas,
9ca6560d-901a-48e2-ba45-36e98f180dfa,INT0010,Manteiga Queimada,intermediate_product,Produto Intermediário,Massas & Bases,g,g,1,,Produto Intermediário,Produtos Intermediários,Massas & Bases,
9dd9119a-051e-4e53-bf94-13f9ac431189,FIN0006,Pizza fofa de Sardinha ,finished_product,Produto Acabado,"Salgados (sanduíches, tortinhas, quiches)",unidade,unidade,1,,Produto Acabado,Produtos Prontos,Salgados,
3d3123e0-65bc-42ad-b1c3-7d68dd82f13e,INT0014,Massa Pão Australiano,intermediate_product,Produto Intermediário,Massas & Bases,g,g,1,,Produto Intermediário,Produtos Intermediários,Massas & Bases,
1e76e71b-cab0-4b7d-b088-5ed61b88090c,INS0064,Canela em pó,ingredient,Insumo,condimentos_temperos,kg,g,1000,,Insumo,Alimentos & Ingredientes,Condimentos & Temperos,
b970e479-8702-4ba8-8003-f4d525acaf3e,EMB0002,Copo de papel 80ml ,ingredient,Embalagem,primarias,unidade,unidade,1,,Insumo,Embalagens,Embalagens Primárias,
0dd9a69e-bdc7-4e57-9dd6-cd3e1bd02cf2,INS0068,Dadinho de tapioca,ingredient,Insumo,graos_cereais,kg,g,1000,,Insumo,Alimentos & Ingredientes,Grãos & Cereais,
1755e549-c79b-4a32-a02e-3120c95b002b,INS0075,Embalagem empada alumínio,ingredient,Embalagem,primarias,pacote,unidade,1,,Insumo,Embalagens,Embalagens Primárias,
913be23d-78b0-4f3a-a0d5-6980beb5a441,INS0065,Granola,ingredient,Insumo,graos_cereais,kg,g,1000,,Insumo,Alimentos & Ingredientes,Grãos & Cereais,
1faa0522-3632-4e5a-90ec-f14b872201ea,INS0063,Pão fatiado sem casca ,ingredient,Insumo,graos_cereais,pacote,unidade,1,,Insumo,Alimentos & Ingredientes,Grãos & Cereais,
19443740-ed51-49e4-adad-24d70f287681,INS0125,Pão de Queijo Premium - PCT 2KG (20G.UN),ingredient,Produto Acabado,,PCT,un,99,,Insumo,Produtos Prontos,,
1b8d63bc-d3b9-4df9-bbd4-e700f236293d,FIN0004,Brownie com Brigadeiro Branco,finished_product,Produto Acabado,"Doces (bolos, tortas, confeitaria)",unidade,unidade,1,,Produto Acabado,Produtos Prontos,Doces & Confeitaria,
74d91e52-ccae-4212-bca7-fd9d0f8001e1,INS0067,Suco natural de laranja,ingredient,Insumo,bebidas_liquidos,unidade,mL,1,,Insumo,Alimentos & Ingredientes,Líquidos & Bebidas Base,
5bbd34fb-114e-4a7d-a15a-dd97d62b7936,INS0066,Água sem gás,ingredient,Insumo,bebidas_liquidos,unidade,mL,1000,,Insumo,Alimentos & Ingredientes,Líquidos & Bebidas Base,
3a609230-04c2-42f0-a4ea-550888de7194,PCO0001,Garrafa térmica inox,ingredient,Equipamentos,"Serviço (garrafas térmicas, chaleiras)",unidade,unidade,1,,Insumo,Operacionais,Equipamentos de Serviço,
a00c1448-1ac2-4ba5-b138-70bdf403518c,INS0069,Bisnaga sem glúten,ingredient,Insumo,graos_cereais,pacote,unidade,1,,Insumo,Alimentos & Ingredientes,Grãos & Cereais,
305f29f9-7269-4a6a-bd2c-abdf6983dbc5,EMB0005,Mexedor de Café,packaging,Embalagem,primarias,pacote,unidade,100,,Embalagem,Embalagens,Embalagens Primárias,
d0e134f6-ddb1-44ef-af57-7d5b098bcaf1,PAC0007,Sanduíche Artesano de Presunto e Queijo ,finished_product,Produto Acabado,"Salgados (sanduíches, tortinhas, quiches)",un,un,1,,Produto Acabado,Produtos Prontos,Salgados,
1fe400a8-6046-47de-b528-2aea0d3cd2dc,INT0008,Massa Bolo Red Velvet,intermediate_product,Produto Intermediário,Massas & Bases,g,g,1,,Produto Intermediário,Produtos Intermediários,Massas & Bases,
7af43988-e29a-4bf4-a261-d772f5a81f96,FIN0001,Cupcake de Limão,finished_product,Produto Acabado,"Doces (bolos, tortas, confeitaria)",un,un,1,,Produto Acabado,Produtos Prontos,Doces & Confeitaria,
0c069334-a006-46ea-afbf-b064c186bffc,INT0011,Massa Base Para Brownie Cacau,intermediate_product,Produto Intermediário,Massas & Bases,g,g,1,,Produto Intermediário,Produtos Intermediários,Massas & Bases,
75c803fc-1b25-4000-8a15-4f90f2207bbc,INS0127,Tomate,ingredient,Insumo,Hortifruti,kg,kg,1000,,Insumo,Alimentos & Ingredientes,Hortifruti,
570cd35b-c80d-4470-acd5-cc1ef7eebd58,FIN0005,Cookie Alto Clássico,finished_product,Produto Acabado,"Doces (bolos, tortas, confeitaria)",g,g,1,,Produto Acabado,Produtos Prontos,Doces & Confeitaria,
8d246886-4c29-47be-b0e0-65814abe1bf4,INS0126,ALCOOL 70%,ingredient,Higiene e Limpeza,"Higiene (álcool, papel, luvas)",unidade,mL,1000,,Insumo,Higiene & Limpeza,Higiene,
408f80ef-80cf-4610-9955-f50b1a7d050f,INT0015,Pão Mini Australiano,intermediate_product,Produto Intermediário,Massas & Bases,unidade,unidade,1,,Produto Intermediário,Produtos Intermediários,Massas & Bases,
2adf97f0-c436-419b-af4b-433afbb55c74,INS0015,Baguete,ingredient,Insumo,graos_cereais,kg,g,1000,,Insumo,Alimentos & Ingredientes,Grãos & Cereais,
de2c861d-3c16-4bdd-9f6d-9b0be0adfe30,INS0022,Banana ,ingredient,Insumo,hortifruti,kg,g,1000,,Insumo,Alimentos & Ingredientes,Hortifruti,
d39ee263-ab97-4822-b37b-da306688fd7f,INS0018,Bergamota,ingredient,Insumo,hortifruti,kg,g,1000,,Insumo,Alimentos & Ingredientes,Hortifruti,
f97629c6-bfac-4cb9-9442-afa7e6e686a1,INS0027,Pasta de azeitona,ingredient,Insumo,conservas_enlatados,kg,g,1000,,Insumo,Alimentos & Ingredientes,Conservas & Enlatados,
354d94c8-8df0-4e31-b789-cc6b01778500,INS0007,Caponata,ingredient,Insumo,conservas_enlatados,kg,g,1000,,Insumo,Alimentos & Ingredientes,Conservas & Enlatados,
7a65dc18-0906-4542-9b7f-132e0ce513e5,INS0002,Bisnaga artesano,ingredient,Insumo,graos_cereais,pacote,unidade,16,,Insumo,Alimentos & Ingredientes,Grãos & Cereais,
b67e6bb5-8159-4897-a865-b537504fc4df,INS0128,Cebola,ingredient,Insumo,Hortifruti,kg,g,1000,,Insumo,Alimentos & Ingredientes,Hortifruti,
407fe929-0495-45df-b9e7-a8fa2fd83d05,INS0005,Pelotine kraft,ingredient,Embalagem,primarias,pacote,unidade,100,,Insumo,Embalagens,Embalagens Primárias,
17a41f90-0dce-4f6e-8fe5-9ed1af5d8f42,INS0031,Presunto fatiado,ingredient,Insumo,carnes_proteinas,kg,g,1000,,Insumo,Alimentos & Ingredientes,Proteínas,
75ed4cc4-bd24-4611-b75a-76ce5fddb4bc,INS0132,Forno elétrico convector,ingredient,Equipamentos,"Cozinha (fornos, batedeiras, freezers)",unidade,unidade,1,,Insumo,Operacionais,Equipamentos de Cozinha,
1b2a7d3d-3b03-4e5b-afc4-24a06e38770d,INS0030,Queijo mussarela fatiada,ingredient,Insumo,laticinios,kg,g,1000,,Insumo,Alimentos & Ingredientes,Laticínios,
09650e09-2dfe-4f14-bc60-5cf29ebd2062,INS0058,Rap 10,ingredient,Insumo,graos_cereais,unidade,unidade,1,,Insumo,Alimentos & Ingredientes,Grãos & Cereais,
c78da2a1-4018-48e7-bce5-9a985720166d,INS0003,Requeijão cremoso,ingredient,Insumo,laticinios,kg,g,1000,,Insumo,Alimentos & Ingredientes,Laticínios,
6033ca86-ff14-4e43-9d8b-8fdcee26320b,INS0046,Ricota fresca,ingredient,Insumo,laticinios,kg,g,1000,,Insumo,Alimentos & Ingredientes,Laticínios,
14b8f50c-1b41-4b66-bbe6-edbd70fbece9,INS0049,Rucula,ingredient,Insumo,hortifruti,unidade,unidade,1,,Insumo,Alimentos & Ingredientes,Hortifruti,
0241b2fe-644a-447c-97c5-d1dcd4c6d988,INS0047,Salame Hamburgues,ingredient,Insumo,carnes_proteinas,kg,g,1000,,Insumo,Alimentos & Ingredientes,Proteínas,
e1b65ca2-a118-4ce7-94d6-1730bdd7522f,INS0004,Salame Italiano Fatiado,ingredient,Insumo,carnes_proteinas,kg,g,1000,,Insumo,Alimentos & Ingredientes,Proteínas,
fb8b19f0-b051-4a65-ac8f-edc603454b1e,INS0048,Temperos frescos,ingredient,Insumo,condimentos_temperos,unidade,g,16,,Insumo,Alimentos & Ingredientes,Condimentos & Temperos,
fc4e6bc6-4eb2-4fee-850d-faaf20f2ace5,INS0017,Tomatinho ,ingredient,Insumo,hortifruti,kg,g,1000,,Insumo,Alimentos & Ingredientes,Hortifruti,
60c345a3-d1f4-46f6-acdb-7db912c19e61,INS0008,Uva ,ingredient,Insumo,hortifruti,caixa,g,500,,Insumo,Alimentos & Ingredientes,Hortifruti,
709169f4-0534-4ece-9232-524d7039119d,INS0011,Açúcar refinado,ingredient,Insumo,acucares_adocantes,kg,g,1000,,Insumo,Alimentos & Ingredientes,Açúcares & Adoçantes,
f047e83a-ef19-4dc4-8541-22308c5d7e0a,INS0033,Café tradicional Melitta,ingredient,Insumo,bebidas_liquidos,pacote,g,1000,,Insumo,Alimentos & Ingredientes,Líquidos & Bebidas Base,
1fd8a72f-9786-4c5d-9604-e47b8ee19f81,INS0052,Chocolate branco,ingredient,Insumo,acucares_adocantes,kg,g,1000,,Insumo,Alimentos & Ingredientes,Açúcares & Adoçantes,
9170a907-3752-47c2-bb7f-1c576679cb5c,INS0039,Suco de caixinha,ingredient,Produto Acabado,"Bebidas (cafés, chás, sucos)",unidade,unidade,1,,Insumo,Produtos Prontos,Bebidas,
92b4639f-dccb-4692-a38b-38b5d14dafc7,INS0045,Suco de uva gaseificado,ingredient,Produto Acabado,"Bebidas (cafés, chás, sucos)",unidade,unidade,1,,Insumo,Produtos Prontos,Bebidas,
4f689da7-9e58-4e39-ad0e-ef756c7bc28d,PAC0001,Suco de uva Perini,ingredient,Produto Acabado,"Bebidas (cafés, chás, sucos)",unidade,unidade,1,,Insumo,Produtos Prontos,Bebidas,
1dde2244-53ea-402a-9710-3236ac4fbace,INS0016,Cream cheese ,ingredient,Insumo,laticinios,kg,g,1000,,Insumo,Alimentos & Ingredientes,Laticínios,
f18162ce-3d06-466d-b39d-c25cf8f76d70,INS0055,Creme de leite,ingredient,Insumo,laticinios,unidade,g,1,,Insumo,Alimentos & Ingredientes,Laticínios,
c7fcaa68-d503-404e-8006-61b1d953655c,INS0059,Doce de leite,ingredient,Insumo,acucares_adocantes,kg,g,1000,,Insumo,Alimentos & Ingredientes,Açúcares & Adoçantes,
b992cc19-4a75-4805-a7bc-fa184946cd25,INS0001,Farinha de trigo,ingredient,Insumo,graos_cereais,kg,g,1000,,Insumo,Alimentos & Ingredientes,Grãos & Cereais,
1861d653-90b6-42f8-8095-d517eba73c47,INS0056,Fermento,ingredient,Insumo,condimentos_temperos,kg,g,1000,,Insumo,Alimentos & Ingredientes,Condimentos & Temperos,
23439f87-d2fe-4931-9ddd-39c079082aaf,INS0025,Damasco,ingredient,Insumo,condimentos_temperos,kg,g,1000,,Insumo,Alimentos & Ingredientes,Condimentos & Temperos,
c12d8c85-e8a3-4ead-9db8-c54bcfa9c8cd,INS0032,Filtro Melitta,ingredient,Embalagem,primarias,caixa,unidade,1,,Insumo,Embalagens,Embalagens Primárias,
57d8d6e4-6536-4409-a573-77ee06493e2e,INS0024,Geleia de damasco,ingredient,Insumo,conservas_enlatados,kg,g,1000,,Insumo,Alimentos & Ingredientes,Conservas & Enlatados,
b7255395-4be6-4237-b6ab-a8ef58bcd125,INS0043,Geleia de pimenta,ingredient,Insumo,conservas_enlatados,kg,g,1000,,Insumo,Alimentos & Ingredientes,Conservas & Enlatados,
797b1913-c86a-45c0-bd18-62571b4aba52,INS0019,Laranja,ingredient,Insumo,hortifruti,kg,g,1000,,Insumo,Alimentos & Ingredientes,Hortifruti,
2cda91cd-05a8-42ba-9250-605199164ee8,INS0010,Leite condensado,ingredient,Insumo,laticinios,unidade,g,395,,Insumo,Alimentos & Ingredientes,Laticínios,
fc12bed6-764b-4f8c-81b9-8dc114ad9906,INS0057,Leite em pó,ingredient,Insumo,laticinios,kg,g,1000,,Insumo,Alimentos & Ingredientes,Laticínios,
c12a6e0a-affb-49d7-956e-d403ffb750e6,INS0054,Limão siciliano,ingredient,Insumo,hortifruti,kg,g,1000,,Insumo,Alimentos & Ingredientes,Hortifruti,
3789a296-7a99-40c9-b44f-30969be63ae1,INS0041,Limão tahiti,ingredient,Insumo,hortifruti,kg,g,1000,,Insumo,Alimentos & Ingredientes,Hortifruti,
01d23313-f1fe-4b78-aedc-0e31dc1434b8,INS0053,Maçã,ingredient,Insumo,hortifruti,kg,g,1000,,Insumo,Alimentos & Ingredientes,Hortifruti,
9799f6ad-bd7b-4747-bfdf-27ce89cf486f,INS0009,Mamão papaya,ingredient,Insumo,hortifruti,unidade,unidade,1,,Insumo,Alimentos & Ingredientes,Hortifruti,
4256bb0b-970b-45fe-9f22-3b2ad3919183,INS0020,Manteiga sem sal,ingredient,Insumo,laticinios,unidade,g,200,,Insumo,Alimentos & Ingredientes,Laticínios,
b0a8f4da-0fb6-41c9-ba1a-751d89e13631,INS0044,Margarina,ingredient,Insumo,laticinios,kg,g,1000,,Insumo,Alimentos & Ingredientes,Laticínios,
4f013196-cb30-4e3e-bc6b-0fe949f06126,INS0012,Melão espanhol,ingredient,Insumo,hortifruti,kg,g,1000,,Insumo,Alimentos & Ingredientes,Hortifruti,
33f4baa2-e9de-4bbf-8e33-43bfcdb54f77,INS0029,Mini pão francês ,ingredient,Insumo,graos_cereais,kg,unidade,1000,,Insumo,Alimentos & Ingredientes,Grãos & Cereais,
c371eabf-4a1c-4e58-aaba-ee61f5301e0d,INS0013,Morango,ingredient,Insumo,hortifruti,caixa,g,250,,Insumo,Alimentos & Ingredientes,Hortifruti,
fa92274f-b763-4688-acca-6e434a3590f5,INS0014,Nata,ingredient,Insumo,laticinios,kg,g,1000,,Insumo,Alimentos & Ingredientes,Laticínios,
79407d82-06f9-49f8-967a-d428aaefdb13,INS0023,Nozes chilenas,ingredient,Insumo,graos_cereais,kg,g,1000,,Insumo,Alimentos & Ingredientes,Grãos & Cereais,
51ede156-6956-46db-9a7e-d798920b05da,INS0129,Sardinha Enlatada,ingredient,Insumo,Proteínas,lata,g,90,,Insumo,Alimentos & Ingredientes,Proteínas,
710f4bb3-2494-4846-8700-f6213c47c2c4,INS0117,Páprica picante,ingredient,Insumo,condimentos_temperos,kg,g,1000,,Insumo,Alimentos & Ingredientes,Condimentos & Temperos,
a8a8799c-82c2-4d23-967e-9b76c83398bd,INS0095,Pasta de tomate seco,ingredient,Insumo,conservas_enlatados,kg,g,1000,,Insumo,Alimentos & Ingredientes,Conservas & Enlatados,
268c94f1-e629-4f70-9373-0a8bf4357e25,INS0102,Pastrami,ingredient,Insumo,carnes_proteinas,kg,g,1000,,Insumo,Alimentos & Ingredientes,Proteínas,
2ac9bb59-2a24-4001-92cd-0ac6490f78ca,INS0114,Pernil,ingredient,Insumo,carnes_proteinas,kg,g,1000,,Insumo,Alimentos & Ingredientes,Proteínas,
351f6b25-ef8b-4c33-9f14-37b1a08b1829,INS0100,Queijo Azul,ingredient,Insumo,laticinios,kg,g,1000,,Insumo,Alimentos & Ingredientes,Laticínios,
f5badb38-8ad3-4512-8153-a46038150cff,INS0106,Queijo brie,ingredient,Insumo,laticinios,kg,g,1000,,Insumo,Alimentos & Ingredientes,Laticínios,
76182a04-debe-4ea1-8c3c-0201d288d32b,INS0070,Queijo camenbert,ingredient,Insumo,laticinios,unidade,g,1,,Insumo,Alimentos & Ingredientes,Laticínios,
7f93b5fd-4bb4-4dc4-ba8d-258ccbb4ea0a,INS0105,Queijo colonial,ingredient,Insumo,laticinios,kg,g,1000,,Insumo,Alimentos & Ingredientes,Laticínios,
f4cb39e8-e882-494c-9926-45eae1f1ce1e,INS0072,Queijo maasdam,ingredient,Insumo,laticinios,kg,g,1000,,Insumo,Alimentos & Ingredientes,Laticínios,
15699e25-26ac-4a75-a6a6-d21183782062,INS0097,Queijo parmesão,ingredient,Insumo,laticinios,kg,g,1000,,Insumo,Alimentos & Ingredientes,Laticínios,
73d79cbf-84b2-4129-9de0-b3c2662b98b3,INS0108,Sal,ingredient,Insumo,condimentos_temperos,kg,g,1000,,Insumo,Alimentos & Ingredientes,Condimentos & Temperos,
d96e81b1-9416-43ab-b52a-32f1f74629f1,INS0111,Sal grosso,ingredient,Insumo,condimentos_temperos,kg,g,1000,,Insumo,Alimentos & Ingredientes,Condimentos & Temperos,
dcd87dad-0902-4424-b5de-71082669b789,INS0118,Tomate,ingredient,Insumo,hortifruti,kg,g,1000,,Insumo,Alimentos & Ingredientes,Hortifruti,
6bd88207-0c59-4e25-b4ca-3af41b9339f6,INS0116,Alho,ingredient,Insumo,condimentos_temperos,kg,unidade,1,,Insumo,Alimentos & Ingredientes,Condimentos & Temperos,
86fa963c-72b5-49f7-a578-5f16b44a57d2,INS0087,Açúcar mascavo,ingredient,Insumo,acucares_adocantes,kg,g,1000,,Insumo,Alimentos & Ingredientes,Açúcares & Adoçantes,
16acd05e-973f-43b6-a18e-8da00d1f17e2,INS0113,Alho poró,ingredient,Insumo,hortifruti,kg,g,1000,,Insumo,Alimentos & Ingredientes,Hortifruti,
b206c4fd-8406-4030-95dd-59816a2d2846,INS0077,Guardanapo,ingredient,Embalagem,Descartáveis,pacote,pacote,1,,Insumo,Embalagens,Descartáveis,
5b3ac853-b897-4de9-9217-0ae3ada2753b,EMB0004,Sachê de Açúcar,packaging,Produto Acabado,Outros Acabados,caixa,unidade,100,,Embalagem,Produtos Prontos,Outros Produtos,
647d009c-7eca-4629-b755-921828978b19,INS0061,Álcool,ingredient,Higiene e Limpeza,"Higiene (álcool, papel, luvas)",unidade,unidade,1,,Insumo,Higiene & Limpeza,Higiene,
4e78ddbb-9b95-460e-8f83-061cbab76fc1,INS0060,Saco de lixo,ingredient,Higiene e Limpeza,"Higiene (álcool, papel, luvas)",pacote,unidade,1,,Insumo,Higiene & Limpeza,Higiene,
d85c097a-31ea-471a-96c4-bbfedf694566,INS0080,Corante Gel,ingredient,Insumo,condimentos_temperos,unidade,g,25,,Insumo,Alimentos & Ingredientes,Condimentos & Temperos,
6fa9e008-d72b-46b5-995c-38b972c472e9,INS0006,Ovo,ingredient,Insumo,Proteínas,unidade,g,50,,Insumo,Alimentos & Ingredientes,Proteínas,
c8fb0fc8-accd-458d-9e15-142690c28c38,INS0092,Água mineral sem gás ,ingredient,Insumo,bebidas_liquidos,L,mL,1000,,Insumo,Alimentos & Ingredientes,Líquidos & Bebidas Base,
98484378-98c6-4544-9efe-4e7531e99ae1,INS0088,Amido ,ingredient,Insumo,graos_cereais,kg,g,1000,,Insumo,Alimentos & Ingredientes,Grãos & Cereais,
f3803e32-fc47-4455-bd27-5b14ac47c1ef,INS0096,Azeitona sem caroço,ingredient,Insumo,conservas_enlatados,kg,g,1000,,Insumo,Alimentos & Ingredientes,Conservas & Enlatados,
ebb6d8a3-4f6f-4ca4-9684-262942ffda54,INS0084,Bicarbonato,ingredient,Insumo,condimentos_temperos,kg,g,1000,,Insumo,Alimentos & Ingredientes,Condimentos & Temperos,
687ad145-9a8b-4bc7-bba2-c7bbbe76c572,INS0079,Caixa para bolo festivo,ingredient,Embalagem,secundarias,unidade,unidade,1,,Insumo,Embalagens,Embalagens Secundárias,
bfd17805-9502-4f01-9f54-79d4b251eb34,INS0110,Cebola roxa,ingredient,Insumo,hortifruti,kg,g,1000,,Insumo,Alimentos & Ingredientes,Hortifruti,
c1952de3-fc9c-4ae7-a5bc-c8ecc6381fa4,INS0083,Cacau,ingredient,Insumo,acucares_adocantes,kg,g,1000,,Insumo,Alimentos & Ingredientes,Açúcares & Adoçantes,
c3a83cbc-c010-4886-a3ef-d55751eb55a7,INS0078,Cake board MDF,ingredient,Embalagem,primarias,unidade,unidade,1,,Insumo,Embalagens,Embalagens Primárias,
4fc923e9-2eb0-4739-a961-94f7c1d6dea0,INS0098,Castanha do pará,ingredient,Insumo,graos_cereais,kg,g,1000,,Insumo,Alimentos & Ingredientes,Grãos & Cereais,
a69877bb-241c-4686-b3d1-d1761d8dec70,INS0089,Chocolate nobre,ingredient,Insumo,acucares_adocantes,kg,g,1000,,Insumo,Alimentos & Ingredientes,Açúcares & Adoçantes,
98ee4c60-253e-45e3-85ed-e223067c7200,INS0076,Coco queimado,ingredient,Insumo,graos_cereais,kg,g,1000,,Insumo,Alimentos & Ingredientes,Grãos & Cereais,
e9e78c65-7219-4d60-a298-e28aaf5d0795,INS0081,Confeito,ingredient,Insumo,acucares_adocantes,unidade,unidade,1,,Insumo,Alimentos & Ingredientes,Açúcares & Adoçantes,
b4ec7521-e58a-440f-93c2-6d91dc072d07,INS0101,Copa,ingredient,Insumo,carnes_proteinas,kg,g,1000,,Insumo,Alimentos & Ingredientes,Proteínas,
b0923163-edfb-4117-8b87-077e0ae3011d,EMB0003,Copo Descartável 100ml,packaging,Embalagem,primarias,pacote,unidade,50,,Embalagem,Embalagens,Embalagens Primárias,
a6e95ca7-8d61-405c-88ae-043a80715fa8,INS0074,Desmoldante,ingredient,Insumo,oleos_gorduras,unidade,unidade,1,,Insumo,Alimentos & Ingredientes,Óleos & Gorduras,
e9832512-634c-4f37-85e9-603ae2ffb6cd,INS0107,Fermento biológico seco,ingredient,Insumo,condimentos_temperos,kg,g,1000,,Insumo,Alimentos & Ingredientes,Condimentos & Temperos,
f29653c7-4f68-4f27-a6b9-4685685c9b7b,INS0099,Figo turco,ingredient,Insumo,condimentos_temperos,kg,g,1000,,Insumo,Alimentos & Ingredientes,Condimentos & Temperos,
4e72f349-c8f8-4a9b-9c66-12d3e69e56d1,INS0082,Granule ,ingredient,Insumo,acucares_adocantes,kg,g,1000,,Insumo,Alimentos & Ingredientes,Açúcares & Adoçantes,
0691ba93-a5f6-452d-8c6f-e97c3e21a533,INS0086,Iogurte natural,ingredient,Insumo,laticinios,kg,g,1000,,Insumo,Alimentos & Ingredientes,Laticínios,
8ef60e2d-8595-4045-b7ef-5ff4e981f954,INS0090,Limão raspas,ingredient,Insumo,hortifruti,unidade,unidade,1,,Insumo,Alimentos & Ingredientes,Hortifruti,
c55a15b6-9c02-4f53-92f1-8f027c046a7f,INS0071,Lombo Canadense fatiado,ingredient,Insumo,carnes_proteinas,kg,g,1000,,Insumo,Alimentos & Ingredientes,Proteínas,
76ab0456-671f-471c-bb36-aeec0384702a,INS0112,Mel,ingredient,Insumo,acucares_adocantes,kg,g,1000,,Insumo,Alimentos & Ingredientes,Açúcares & Adoçantes,
15dfd302-b27f-4877-8419-b059dea0906d,INS0094,Molho pesto,ingredient,Insumo,conservas_enlatados,kg,g,1000,,Insumo,Alimentos & Ingredientes,Conservas & Enlatados,
af019dd5-0c2e-4066-b9e2-cde22d302999,INS0103,Pão preto alemão fatiado,ingredient,Insumo,graos_cereais,pacote,unidade,1,,Insumo,Alimentos & Ingredientes,Grãos & Cereais,
1da8c37c-ea25-4803-9814-273d691b4fa2,INS0115,Pimenta do reino,ingredient,Insumo,condimentos_temperos,kg,g,1000,,Insumo,Alimentos & Ingredientes,Condimentos & Temperos,
ef89472a-fb11-439d-90c2-990c23cde875,PAC0008,Bisnaga Artesano Vegetariana,finished_product,Produto Acabado,"Salgados (sanduíches, tortinhas, quiches)",un,un,1,,Produto Acabado,Produtos Prontos,Salgados,
9e875aff-7dbb-4e0a-8584-122832728ff4,INS0050,Leite integral,ingredient,Insumo,Laticínios,L,mL,1000,,Insumo,Alimentos & Ingredientes,Laticínios,
3d12b974-874e-4ed6-ac56-d8b7797da006,INS0120,Cerveja preta Malzbier,ingredient,Insumo,bebidas_liquidos,lata,unidade,1,,Insumo,Alimentos & Ingredientes,Líquidos & Bebidas Base,
2fc8c9d7-f9f4-4993-adcf-bf6f15a0edec,INS0051,Óleo,ingredient,Insumo,oleos_gorduras,unidade,mL,1000,,Insumo,Alimentos & Ingredientes,Óleos & Gorduras,
a7484557-1821-447d-93d0-8b350fe1ee8a,INS0109,Azeite de oliva,ingredient,Insumo,oleos_gorduras,L,mL,1000,,Insumo,Alimentos & Ingredientes,Óleos & Gorduras,
d9de56b8-23fa-4e16-ab4c-745a746f0938,INT0009,Recheio Cream Cheese Frosting,intermediate_product,Produto Intermediário,Recheios & Coberturas,g,g,1,,Produto Intermediário,Produtos Intermediários,Recheios & Coberturas,
d0eed1b0-c797-43c1-bb6b-52914d178a64,INS0130,Molho de tomate,ingredient,Insumo,Condimentos & Temperos,unidade,g,300,,Insumo,Alimentos & Ingredientes,Condimentos & Temperos,
da841277-1f9f-4bf1-a1cc-416dc23319d7,INS0121,Farinha integral,ingredient,Insumo,Grãos & Cereais,kg,g,1000,,Insumo,Alimentos & Ingredientes,Grãos & Cereais,
e0df1b57-5da5-4c66-907d-13abd1d7bfd2,INS0122,Glacê Re,ingredient,Produto Intermediário,Recheios & Coberturas,kg,g,1000,,Insumo,Produtos Intermediários,Recheios & Coberturas,
5c93ccbf-e1d8-48fc-a641-f120550f5f17,PAC0004,Café especial coado ,ingredient,Produto Acabado,"Bebidas (cafés, chás, sucos)",unidade,unidade,1,,Insumo,Produtos Prontos,Bebidas,
cec36a7e-2910-43b8-88a1-3378ac5ccbf3,INT0012,Massa Brownie de Cacau,intermediate_product,Produto Intermediário,Massas & Bases,g,g,1,,Produto Intermediário,Produtos Intermediários,Massas & Bases,
d6f8e914-bd6e-4e81-b4e8-921dd4f660ba,INS0062,Refrigerante Coca Cola ,ingredient,Produto Acabado,"Bebidas (cafés, chás, sucos)",unidade,mL,1,,Insumo,Produtos Prontos,Bebidas,
79275799-5d22-4cb4-8d78-4986e399717d,INS0085,Vinagre de maçã,ingredient,Insumo,condimentos_temperos,L,mL,1000,,Insumo,Alimentos & Ingredientes,Condimentos & Temperos,
649cebce-70f0-48f5-98d2-5ca49e3ea8ea,INS0093,Limão suco,ingredient,Insumo,hortifruti,kg,mL,1000,,Insumo,Alimentos & Ingredientes,Hortifruti,
d4df89d8-3639-42d9-a9b6-4e400cb56bf5,INS0119,Molho inglês,ingredient,Insumo,condimentos_temperos,L,mL,1000,,Insumo,Alimentos & Ingredientes,Condimentos & Temperos,
7af51242-80ce-481a-aa14-3fa6ae8dd00a,FIN0003,"Café Coado Tradicional 1,8L",finished_product,Produto Acabado,"Bebidas (cafés, chás, sucos)",mL,mL,1,,Produto Acabado,Produtos Prontos,Bebidas,
